time_s,x_m,y_m,z_m,vx_m_s,vy_m_s,vz_m_s,speed_m_s,ax_m_s2,ay_m_s2,az_m_s2,a_mag_m_s2
0.000000,0.000000,0.000000,500.000000,102.150230,-17.951603,142.825893,176.511091,-9.180097,3.410657,-22.642561,24.669665
0.044673,4.554181,-0.798550,506.357859,101.741644,-17.799802,141.817381,175.443337,-9.112474,3.385533,-22.508851,24.518307
0.089345,9.090178,-1.590344,512.670798,101.336068,-17.649120,140.814819,174.382634,-9.045297,3.360575,-22.376186,24.368105
0.134018,13.608122,-2.375432,518.939082,100.933482,-17.499548,139.818159,173.328935,-8.978567,3.335783,-22.244565,24.219058
0.178691,18.108149,-3.153862,525.162974,100.533869,-17.351081,138.827357,172.282192,-8.912284,3.311157,-22.113985,24.071164
0.223363,22.590390,-3.925685,531.342734,100.137206,-17.203710,137.842364,171.242357,-8.846448,3.286697,-21.984445,23.924420
0.268036,27.054977,-4.690948,537.478621,99.743474,-17.057427,136.863136,170.209384,-8.781060,3.262404,-21.855942,23.778824
0.312708,31.502039,-5.449701,543.570890,99.352653,-16.912227,135.889624,169.183223,-8.716118,3.238276,-21.728473,23.634375
0.357381,35.931707,-6.201992,549.619798,98.964723,-16.768100,134.921784,168.163830,-8.651623,3.214314,-21.602035,23.491069
0.402054,40.344110,-6.947867,555.625595,98.579665,-16.625041,133.959570,167.151155,-8.587574,3.190519,-21.476625,23.348903
0.446726,44.739375,-7.687376,561.588532,98.197458,-16.483040,133.002935,166.145153,-8.523972,3.166889,-21.352240,23.207875
0.491399,49.117629,-8.420564,567.508858,97.818082,-16.342092,132.051833,165.145777,-8.460815,3.143424,-21.228877,23.067980
0.536072,53.478998,-9.147480,573.386818,97.441517,-16.202188,131.106220,164.152981,-8.398102,3.120125,-21.106531,22.929216
0.580744,57.823607,-9.868168,579.222657,97.067745,-16.063321,130.166050,163.166718,-8.335834,3.096990,-20.985199,22.791578
0.625417,62.151581,-10.582676,585.016617,96.696744,-15.925484,129.231277,162.186942,-8.274008,3.074020,-20.864877,22.655063
0.670089,66.463043,-11.291050,590.768938,96.328495,-15.788669,128.301857,161.213608,-8.212625,3.051215,-20.745560,22.519667
0.714762,70.758116,-11.993334,596.479858,95.962978,-15.652870,127.377745,160.246671,-8.151683,3.028573,-20.627246,22.385385
0.759435,75.036920,-12.689574,602.149613,95.600174,-15.518078,126.458896,159.286083,-8.091181,3.006095,-20.509928,22.252213
0.804107,79.299577,-13.379816,607.778437,95.240063,-15.384287,125.545266,158.331802,-8.031118,2.983780,-20.393604,22.120147
0.848780,83.546207,-14.064102,613.366563,94.882625,-15.251489,124.636810,157.383782,-7.971492,2.961627,-20.278268,21.989181
0.893453,87.776929,-14.742479,618.914221,94.527841,-15.119677,123.733484,156.441978,-7.912303,2.939637,-20.163915,21.859311
0.938125,91.991860,-15.414988,624.421638,94.175692,-14.988844,122.835245,155.506347,-7.853549,2.917808,-20.050541,21.730533
0.982798,96.191119,-16.081675,629.889042,93.826158,-14.858983,121.942049,154.576843,-7.795228,2.896140,-19.938141,21.602840
1.027470,100.374820,-16.742582,635.316656,93.479219,-14.730086,121.053852,153.653425,-7.737339,2.874633,-19.826710,21.476228
1.072143,104.543081,-17.397753,640.704703,93.134857,-14.602146,120.170612,152.736047,-7.679880,2.853285,-19.716243,21.350692
1.116816,108.696016,-18.047229,646.053403,92.793052,-14.475156,119.292285,151.824668,-7.622850,2.832097,-19.606734,21.226225
1.161488,112.833738,-18.691053,651.362974,92.453785,-14.349109,118.418829,150.919245,-7.566247,2.811068,-19.498178,21.102824
1.206161,116.956360,-19.329267,656.633635,92.117037,-14.223998,117.550201,150.019734,-7.510069,2.790196,-19.390571,20.980481
1.250834,121.063995,-19.961913,661.865598,91.782790,-14.099816,116.686360,149.126094,-7.454315,2.769482,-19.283906,20.859191
1.295506,125.156753,-20.589033,667.059077,91.451023,-13.976555,115.827262,148.238283,-7.398982,2.748924,-19.178178,20.738950
1.340179,129.234746,-21.210666,672.214284,91.121719,-13.854210,114.972867,147.356259,-7.344069,2.728522,-19.073382,20.619750
1.384851,133.298082,-21.826854,677.331426,90.794799,-13.732750,114.123056,146.479882,-7.298393,2.711553,-18.980598,20.515412
1.429524,137.346852,-22.437630,682.410688,90.469431,-13.611867,113.276771,145.607788,-7.268265,2.700359,-18.907594,20.435673
1.474197,141.381117,-23.043017,687.452216,90.145417,-13.491487,112.433754,144.739647,-7.237850,2.689059,-18.834398,20.355640
1.518869,145.400937,-23.643038,692.456158,89.822768,-13.371614,111.594010,143.875476,-7.207158,2.677656,-18.761029,20.275335
1.563542,149.406375,-24.237715,697.422660,89.501495,-13.252253,110.757547,143.015293,-7.176202,2.666155,-18.687506,20.194780
1.608215,153.397492,-24.827071,702.351868,89.181612,-13.133407,109.924372,142.159114,-7.144993,2.654560,-18.613848,20.113999
1.652887,157.374349,-25.411130,707.243930,88.863128,-13.015081,109.094490,141.306955,-7.113542,2.642875,-18.540074,20.033013
1.697560,161.337011,-25.989915,712.098992,88.546054,-12.897280,108.267906,140.458830,-7.081859,2.631104,-18.466201,19.951843
1.742232,165.285540,-26.563449,716.917202,88.230401,-12.780006,107.444624,139.614753,-7.049956,2.619251,-18.392248,19.870509
1.786905,169.220000,-27.131756,721.698708,87.916177,-12.663263,106.624647,138.774737,-7.017843,2.607320,-18.318232,19.789034
1.831578,173.140454,-27.694859,726.443657,87.603393,-12.547055,105.807977,137.938795,-6.985529,2.595315,-18.244170,19.707436
1.876250,177.046968,-28.252784,731.152198,87.292056,-12.431385,104.994617,137.106936,-6.953027,2.583239,-18.170079,19.625735
1.920923,180.939607,-28.805553,735.824477,86.982175,-12.316256,104.184567,136.279173,-6.920344,2.571097,-18.095975,19.543951
1.965596,184.818435,-29.353191,740.460644,86.673759,-12.201671,103.377828,135.455515,-6.887492,2.558892,-18.021873,19.462101
2.010268,188.683517,-29.895722,745.060845,86.366813,-12.087632,102.574398,134.635970,-6.854480,2.546627,-17.947790,19.380206
2.054941,192.534921,-30.433171,749.625228,86.061346,-11.974143,101.774277,133.820547,-6.821317,2.534306,-17.873741,19.298282
2.099613,196.372712,-30.965563,754.153942,85.757363,-11.861205,100.977464,133.009254,-6.788012,2.521932,-17.799739,19.216347
2.144286,200.196957,-31.492922,758.647134,85.454871,-11.748821,100.183954,132.202097,-6.754576,2.509510,-17.725801,19.134418
2.188959,204.007721,-32.015273,763.104952,85.153876,-11.636993,99.393746,131.399083,-6.721016,2.497041,-17.651939,19.052512
2.233631,207.805073,-32.532640,767.527543,84.854382,-11.525723,98.606836,130.600216,-6.687342,2.484530,-17.578167,18.970646
2.278304,211.589080,-33.045050,771.915054,84.556395,-11.415012,97.823219,129.805503,-6.653562,2.471980,-17.504500,18.888835
2.322977,215.359808,-33.552526,776.267632,84.259919,-11.304864,97.042890,129.014947,-6.619684,2.459394,-17.430949,18.807095
2.367649,219.117326,-34.055094,780.585424,83.964959,-11.195278,96.265845,128.228551,-6.585718,2.446774,-17.357527,18.725440
2.412322,222.861701,-34.552779,784.868577,83.671518,-11.086256,95.492076,127.446320,-6.551670,2.434125,-17.284247,18.643887
2.456994,226.593002,-35.045607,789.117236,83.379599,-10.977801,94.721577,126.668255,-6.517550,2.421448,-17.211120,18.562449
2.501667,230.311295,-35.533602,793.331548,83.089207,-10.869912,93.954341,125.894358,-6.483364,2.408747,-17.138159,18.481140
2.546340,234.016651,-36.016790,797.511659,82.800343,-10.762591,93.190361,125.124632,-6.449120,2.396024,-17.065373,18.399974
2.591012,237.709136,-36.495197,801.657713,82.513009,-10.655839,92.429628,124.359076,-6.414826,2.383283,-16.992776,18.318964
2.635685,241.388819,-36.968847,805.769856,82.227209,-10.549656,91.672134,123.597692,-6.380489,2.370526,-16.920376,18.238124
2.680358,245.055769,-37.437767,809.848231,81.942943,-10.444044,90.917870,122.840478,-6.346116,2.357756,-16.848184,18.157465
2.725030,248.710055,-37.901981,813.892983,81.660214,-10.339002,90.166826,122.087436,-6.311715,2.344975,-16.776211,18.076999
2.769703,252.351744,-38.361516,817.904257,81.379022,-10.234532,89.418992,121.338563,-6.277291,2.332185,-16.704466,17.996740
2.814375,255.980907,-38.816397,821.882193,81.099368,-10.130632,88.674358,120.593859,-6.242852,2.319390,-16.632958,17.916698
2.859048,259.597611,-39.266649,825.826937,80.821253,-10.027305,87.932912,119.853322,-6.208404,2.306592,-16.561696,17.836884
2.903721,263.201925,-39.712297,829.738629,80.544677,-9.924549,87.194645,119.116950,-6.173953,2.293792,-16.490690,17.757309
2.948393,266.793918,-40.153369,833.617411,80.269639,-9.822366,86.459544,118.384740,-6.139506,2.280994,-16.419947,17.677984
2.993066,270.373659,-40.589888,837.463426,79.996141,-9.720753,85.727597,117.656689,-6.105068,2.268200,-16.349476,17.598919
3.037739,273.941216,-41.021880,841.276812,79.724180,-9.619713,84.998791,116.932794,-6.070646,2.255411,-16.279285,17.520124
3.082411,277.496659,-41.449372,845.057711,79.453757,-9.519243,84.273116,116.213052,-6.036245,2.242630,-16.209381,17.441608
3.127084,281.040055,-41.872388,848.806261,79.184870,-9.419344,83.550556,115.497459,-6.001872,2.229859,-16.139772,17.363380
3.171756,284.571474,-42.290954,852.522602,78.917518,-9.320016,82.831099,114.786011,-5.967530,2.217101,-16.070465,17.285450
3.216429,288.090983,-42.705095,856.206872,78.651699,-9.221257,82.114732,114.078703,-5.933226,2.204356,-16.001466,17.207826
3.261102,291.598652,-43.114838,859.859209,78.387412,-9.123067,81.401439,113.375531,-5.898965,2.191627,-15.932783,17.130517
3.305774,295.094549,-43.520207,863.479750,78.124654,-9.025445,80.691208,112.676489,-5.864753,2.178916,-15.864422,17.053530
3.350447,298.578742,-43.921227,867.068631,77.863423,-8.928390,79.984024,111.981574,-5.830592,2.166225,-15.796388,16.976873
3.395120,302.051299,-44.317924,870.625988,77.603717,-8.831903,79.279871,111.290779,-5.796490,2.153555,-15.728688,16.900554
3.439792,305.512288,-44.710324,874.151956,77.345533,-8.735980,78.578735,110.604098,-5.762450,2.140908,-15.661327,16.824580
3.484465,308.961778,-45.098451,877.646669,77.088869,-8.640622,77.880601,109.921527,-5.728477,2.128286,-15.594311,16.748958
3.529137,312.399835,-45.482331,881.110262,76.833720,-8.545828,77.185452,109.243058,-5.694575,2.115690,-15.527644,16.673694
3.573810,315.826528,-45.861989,884.542867,76.580084,-8.451595,76.493274,108.568687,-5.660749,2.103123,-15.461332,16.598795
3.618483,319.241925,-46.237449,887.944617,76.327958,-8.357923,75.804050,107.898406,-5.627003,2.090586,-15.395380,16.524268
3.663155,322.646091,-46.608738,891.315643,76.077337,-8.264811,75.117765,107.232210,-5.593341,2.078079,-15.329791,16.450118
3.707828,326.039096,-46.975879,894.656076,75.828218,-8.172256,74.434401,106.570092,-5.559766,2.065605,-15.264571,16.376350
3.752501,329.421005,-47.338898,897.966047,75.580597,-8.080258,73.753942,105.912045,-5.526284,2.053165,-15.199723,16.302971
3.797173,332.791885,-47.697820,901.245684,75.334469,-7.988815,73.076372,105.258062,-5.492896,2.040761,-15.135251,16.229986
3.841846,336.151804,-48.052669,904.495116,75.089831,-7.897925,72.401674,104.608137,-5.459608,2.028394,-15.071159,16.157398
3.886518,339.500827,-48.403470,907.714472,74.846678,-7.807587,71.729830,103.962263,-5.426423,2.016064,-15.007450,16.085214
3.931191,342.839021,-48.750248,910.903878,74.605005,-7.717799,71.060824,103.320432,-5.393343,2.003774,-14.944127,16.013438
3.975864,346.166452,-49.093027,914.063461,74.364807,-7.628559,70.394637,102.682639,-5.360373,1.991525,-14.881195,15.942074
4.020536,349.483186,-49.431832,917.193346,74.126079,-7.539865,69.731254,102.048875,-5.327515,1.979318,-14.818655,15.871126
4.065209,352.789287,-49.766686,920.293659,73.888817,-7.451715,69.070655,101.419134,-5.294773,1.967153,-14.756510,15.800599
4.109882,356.084822,-50.097615,923.364523,73.653014,-7.364108,68.412824,100.793408,-5.262150,1.955033,-14.694764,15.730495
4.154554,359.369856,-50.424643,926.406061,73.418667,-7.277042,67.757742,100.171690,-5.229648,1.942957,-14.633418,15.660818
4.199227,362.644453,-50.747792,929.418396,73.185768,-7.190514,67.105391,99.553974,-5.197271,1.930928,-14.572475,15.591572
4.243899,365.908678,-51.067089,932.401649,72.954313,-7.104522,66.455754,98.940251,-5.165021,1.918947,-14.511936,15.522761
4.288572,369.162596,-51.382556,935.355942,72.724296,-7.019064,65.808813,98.330516,-5.132901,1.907013,-14.451805,15.454386
4.333245,372.406270,-51.694217,938.281394,72.495711,-6.934139,65.164548,97.724760,-5.100914,1.895129,-14.392082,15.386450
4.377917,375.639765,-52.002096,941.178125,72.268552,-6.849743,64.522942,97.122977,-5.069061,1.883295,-14.332769,15.318957
4.422590,378.863143,-52.306217,944.046252,72.042812,-6.765874,63.883977,96.525159,-5.037346,1.871512,-14.273868,15.251909
4.467263,382.076469,-52.606603,946.885894,71.818487,-6.682531,63.247634,95.931301,-5.005771,1.859781,-14.215380,15.185307
4.511935,385.279805,-52.903277,949.697166,71.595568,-6.599711,62.613894,95.341394,-4.974338,1.848102,-14.157306,15.119155
4.556608,388.473214,-53.196263,952.480186,71.374051,-6.517411,61.982740,94.755432,-4.943048,1.836478,-14.099648,15.053453
4.601280,391.656758,-53.485584,955.235068,71.153928,-6.435630,61.354151,94.173408,-4.911905,1.824907,-14.042406,14.988204
4.645953,394.830500,-53.771264,957.961926,70.935193,-6.354364,60.728111,93.595315,-4.880911,1.813392,-13.985582,14.923410
4.690626,397.994502,-54.053324,960.660874,70.717840,-6.273611,60.104600,93.021148,-4.850067,1.801932,-13.929175,14.859072
4.735298,401.148824,-54.331789,963.332024,70.501861,-6.193369,59.483599,92.450899,-4.819375,1.790529,-13.873187,14.795191
4.779971,404.293529,-54.606680,965.975488,70.287249,-6.113635,58.865090,91.884562,-4.788837,1.779184,-13.817618,14.731769
4.824644,407.428676,-54.878020,968.591377,70.073999,-6.034406,58.249054,91.322131,-4.758455,1.767896,-13.762468,14.668807
4.869316,410.554328,-55.145833,971.179801,69.862102,-5.955681,57.635473,90.763600,-4.728230,1.756667,-13.707738,14.606305
4.913989,413.670543,-55.410140,973.740869,69.651551,-5.877456,57.024327,90.208963,-4.698165,1.745497,-13.653428,14.544264
4.958661,416.777383,-55.670963,976.274690,69.442341,-5.799728,56.415597,89.658213,-4.668260,1.734386,-13.599538,14.482686
5.003334,419.874907,-55.928325,978.781371,69.234462,-5.722495,55.809266,89.111345,-4.638518,1.723336,-13.546067,14.421570
5.048007,422.963173,-56.182248,981.261018,69.027908,-5.645755,55.205314,88.568355,-4.608940,1.712347,-13.493016,14.360917
5.092679,426.042242,-56.432754,983.713739,68.822673,-5.569504,54.603723,88.029235,-4.579527,1.701419,-13.440384,14.300728
5.137352,429.112172,-56.679864,986.139637,68.618747,-5.493741,54.004474,87.493982,-4.550280,1.690554,-13.388171,14.241003
5.182025,432.173021,-56.923601,988.538817,68.416124,-5.418461,53.407547,86.962589,-4.521202,1.679750,-13.336377,14.181741
5.226697,435.224847,-57.163985,990.911382,68.214797,-5.343662,52.812926,86.435053,-4.492292,1.669009,-13.285000,14.122943
5.271370,438.267708,-57.401039,993.257435,68.014757,-5.269342,52.220589,85.911367,-4.463553,1.658332,-13.234041,14.064609
5.316042,441.301661,-57.634783,995.577077,67.815997,-5.195497,51.630521,85.391529,-4.434986,1.647718,-13.183499,14.006738
5.360715,444.326764,-57.865239,997.870410,67.618509,-5.122125,51.042700,84.875534,-4.406591,1.637169,-13.133372,13.949330
5.405388,447.343073,-58.092427,1000.137533,67.422286,-5.049223,50.457110,84.363376,-4.378370,1.626684,-13.083660,13.892385
5.450060,450.350644,-58.316370,1002.378546,67.227320,-4.976787,49.873731,83.855054,-4.350324,1.616264,-13.034362,13.835903
5.494733,453.349533,-58.537087,1004.593547,67.033603,-4.904816,49.292546,83.350562,-4.322453,1.605910,-12.985476,13.779882
5.539406,456.339797,-58.754599,1006.782634,66.841127,-4.833306,48.713534,82.849897,-4.294760,1.595621,-12.937003,13.724322
5.584078,459.321489,-58.968926,1008.945902,66.649884,-4.762254,48.136680,82.353057,-4.267244,1.585398,-12.888940,13.669222
5.628751,462.294666,-59.180090,1011.083449,66.459866,-4.691657,47.561963,81.860038,-4.239906,1.575241,-12.841286,13.614581
5.673423,465.259381,-59.388110,1013.195369,66.271066,-4.621513,46.989366,81.370836,-4.212748,1.565151,-12.794041,13.560399
5.718096,468.215689,-59.593007,1015.281757,66.083474,-4.551817,46.418870,80.885451,-4.185771,1.555128,-12.747202,13.506674
5.762769,471.163643,-59.794800,1017.342706,65.897084,-4.482568,45.850458,80.403878,-4.158974,1.545173,-12.700768,13.453406
5.807441,474.103298,-59.993510,1019.378309,65.711887,-4.413763,45.284111,79.926116,-4.132359,1.535284,-12.654737,13.400592
5.852114,477.034706,-60.189156,1021.388657,65.527875,-4.345397,44.719811,79.452164,-4.105926,1.525464,-12.609109,13.348232
5.896787,479.957920,-60.381757,1023.373842,65.345039,-4.277469,44.157541,78.982019,-4.079677,1.515711,-12.563881,13.296324
5.941459,482.872992,-60.571334,1025.333953,65.163372,-4.209974,43.597282,78.515680,-4.053611,1.506027,-12.519051,13.244868
5.986132,485.779975,-60.757905,1027.269081,64.982866,-4.142911,43.039017,78.053146,-4.027729,1.496412,-12.474619,13.193861
6.030804,488.678920,-60.941489,1029.179314,64.803511,-4.076276,42.482728,77.594415,-4.002033,1.486865,-12.430581,13.143302
6.075477,491.569878,-61.122107,1031.064741,64.625300,-4.010066,41.928398,77.139488,-3.976522,1.477386,-12.386937,13.093189
6.120150,494.452901,-61.299776,1032.925447,64.448225,-3.944278,41.376008,76.688364,-3.951196,1.467978,-12.343683,13.043521
6.164822,497.328038,-61.474516,1034.761519,64.272277,-3.878908,40.825542,76.241042,-3.926058,1.458638,-12.300819,12.994295
6.209495,500.195340,-61.646344,1036.573043,64.097448,-3.813954,40.276983,75.797522,-3.901106,1.449368,-12.258342,12.945511
6.254168,503.054857,-61.815280,1038.360104,63.923729,-3.749413,39.730312,75.357806,-3.876342,1.440167,-12.216251,12.897166
6.298840,505.906638,-61.981343,1040.122786,63.751112,-3.685281,39.185513,74.921893,-3.851766,1.431036,-12.174542,12.849258
6.343513,508.750732,-62.144549,1041.861171,63.579589,-3.621556,38.642569,74.489784,-3.827378,1.421975,-12.133214,12.801785
6.388185,511.587189,-62.304917,1043.575343,63.409151,-3.558233,38.101462,74.061481,-3.803178,1.412985,-12.092264,12.754746
6.432858,514.416055,-62.462466,1045.265383,63.239790,-3.495311,37.562177,73.636984,-3.779168,1.404064,-12.051691,12.708137
6.477531,517.237379,-62.617213,1046.931372,63.071498,-3.432786,37.024696,73.216296,-3.755347,1.395214,-12.011491,12.661958
6.522203,520.051210,-62.769175,1048.573391,62.904265,-3.370654,36.489002,72.799417,-3.731715,1.386434,-11.971664,12.616205
6.566876,522.857593,-62.918371,1050.191518,62.738084,-3.308913,35.955079,72.386351,-3.708274,1.377725,-11.932205,12.570876
6.611549,525.656575,-63.064817,1051.785832,62.572946,-3.247560,35.422910,71.977099,-3.685023,1.369087,-11.893113,12.525970
6.656221,528.448203,-63.208530,1053.356412,62.408842,-3.186591,34.892480,71.571664,-3.661962,1.360519,-11.854385,12.481483
6.700894,531.232524,-63.349529,1054.903335,62.245764,-3.126003,34.363772,71.170049,-3.639092,1.352022,-11.816019,12.437414
6.745566,534.009582,-63.487829,1056.426678,62.083703,-3.065793,33.836770,70.772256,-3.616413,1.343596,-11.778012,12.393759
6.790239,536.779423,-63.623449,1057.926515,61.922652,-3.005958,33.311457,70.378290,-3.593926,1.335242,-11.740362,12.350517
6.834912,539.542092,-63.756403,1059.402923,61.762600,-2.946495,32.787819,69.988154,-3.571630,1.326958,-11.703066,12.307685
6.879584,542.297633,-63.886709,1060.855976,61.603541,-2.887400,32.265839,69.601851,-3.549525,1.318746,-11.666120,12.265259
6.924257,545.046090,-64.014384,1062.285747,61.445464,-2.828670,31.745501,69.219385,-3.527612,1.310604,-11.629524,12.223238
6.968930,547.787508,-64.139443,1063.692310,61.288362,-2.770302,31.226791,68.840761,-3.505891,1.302534,-11.593273,12.181619
7.013602,550.521929,-64.261903,1065.075737,61.132227,-2.712294,30.709692,68.465983,-3.484362,1.294536,-11.557365,12.140399
7.058275,553.249396,-64.381779,1066.436099,60.977048,-2.654641,30.194190,68.095056,-3.463025,1.286609,-11.521797,12.099575
7.102948,555.969953,-64.499087,1067.773468,60.822819,-2.597340,29.680269,67.727984,-3.441881,1.278753,-11.486566,12.059144
7.147620,558.683640,-64.613844,1069.087913,60.669530,-2.540389,29.167915,67.364773,-3.420928,1.270968,-11.451670,12.019104
7.192293,561.390501,-64.726064,1070.379505,60.517172,-2.483784,28.657112,67.005428,-3.400169,1.263256,-11.417105,11.979451
7.236965,564.090576,-64.835764,1071.648313,60.365738,-2.427522,28.147846,66.649954,-3.379601,1.255614,-11.382869,11.940183
7.281638,566.783907,-64.942957,1072.894404,60.215218,-2.371600,27.640102,66.298358,-3.359226,1.248044,-11.348958,11.901297
7.326311,569.470533,-65.047660,1074.117847,60.065604,-2.316014,27.133865,65.950644,-3.339044,1.240546,-11.315370,11.862790
7.370983,572.150497,-65.149887,1075.318709,59.916888,-2.260762,26.629122,65.606818,-3.319055,1.233120,-11.282102,11.824658
7.415656,574.823836,-65.249653,1076.497055,59.769060,-2.205840,26.125859,65.266888,-3.299257,1.225764,-11.249150,11.786898
7.460329,577.490591,-65.346973,1077.652952,59.622112,-2.151245,25.624060,64.930859,-3.279653,1.218481,-11.216511,11.749508
7.505001,580.150802,-65.441861,1078.786465,59.476035,-2.096973,25.123712,64.598738,-3.260241,1.211269,-11.184183,11.712484
7.549674,582.804505,-65.534332,1079.897658,59.330822,-2.043022,24.624802,64.270531,-3.241022,1.204128,-11.152161,11.675823
7.594346,585.451741,-65.624400,1080.986595,59.186462,-1.989389,24.127315,63.946246,-3.221995,1.197059,-11.120444,11.639522
7.639019,588.092547,-65.712079,1082.053340,59.042949,-1.936070,23.631238,63.625888,-3.203161,1.190062,-11.089027,11.603577
7.683692,590.726961,-65.797384,1083.097955,58.900272,-1.883062,23.136558,63.309465,-3.184519,1.183136,-11.057908,11.567986
7.728364,593.355019,-65.880327,1084.120502,58.758424,-1.830361,22.643262,62.996984,-3.166069,1.176281,-11.027083,11.532744
7.773037,595.976759,-65.960922,1085.121043,58.617396,-1.777965,22.151337,62.688452,-3.147812,1.169498,-10.996548,11.497849
7.817710,598.592218,-66.039184,1086.099639,58.477180,-1.725871,21.660769,62.383877,-3.129746,1.162786,-10.966302,11.463296
7.862382,601.201430,-66.115125,1087.056350,58.337766,-1.674075,21.171545,62.083265,-3.111873,1.156146,-10.936340,11.429084
7.907055,603.804432,-66.188759,1087.991236,58.199146,-1.622574,20.683654,61.786624,-3.094191,1.149577,-10.906658,11.395207
7.951727,606.401259,-66.260099,1088.904356,58.061311,-1.571365,20.197083,61.493961,-3.076701,1.143079,-10.877255,11.361663
7.996400,608.991946,-66.329157,1089.795769,57.924254,-1.520444,19.711819,61.205284,-3.059403,1.136652,-10.848125,11.328449
8.041073,611.576527,-66.395947,1090.665533,57.787965,-1.469809,19.227851,60.920600,-3.042296,1.130296,-10.819266,11.295559
8.085745,614.155037,-66.460482,1091.513705,57.652437,-1.419456,18.745165,60.639917,-3.025380,1.124012,-10.790675,11.262992
8.130418,616.727510,-66.522773,1092.340343,57.517659,-1.369383,18.263751,60.363242,-3.008656,1.117798,-10.762347,11.230744
8.175091,619.293978,-66.582834,1093.145503,57.383625,-1.319585,17.783597,60.090582,-2.992122,1.111655,-10.734280,11.198810
8.219763,621.854475,-66.640676,1093.929242,57.250324,-1.270061,17.304690,59.821944,-2.975778,1.105583,-10.706469,11.167187
8.264436,624.409034,-66.696312,1094.691614,57.117750,-1.220806,16.827021,59.557337,-2.959625,1.099582,-10.678912,11.135871
8.309108,626.957686,-66.749753,1095.432674,56.985893,-1.171817,16.350577,59.296767,-2.943662,1.093651,-10.651605,11.104859
8.353781,629.500463,-66.801012,1096.152478,56.854745,-1.123092,15.875347,59.040241,-2.927888,1.087791,-10.624544,11.074148
8.398454,632.037398,-66.850100,1096.851079,56.724297,-1.074627,15.401320,58.787766,-2.912304,1.082001,-10.597725,11.043732
8.443126,634.568520,-66.897029,1097.528531,56.594542,-1.026420,14.928487,58.539349,-2.896909,1.076281,-10.571146,11.013609
8.487799,637.093861,-66.941809,1098.184886,56.465470,-0.978466,14.456835,58.294997,-2.881703,1.070632,-10.544802,10.983775
8.532472,639.613452,-66.984454,1098.820198,56.337072,-0.930763,13.986355,58.054717,-2.866686,1.065052,-10.518689,10.954225
8.577144,642.127321,-67.024972,1099.434518,56.209342,-0.883307,13.517037,57.818515,-2.851856,1.059543,-10.492805,10.924956
8.621817,644.635499,-67.063377,1100.027898,56.082270,-0.836097,13.048870,57.586396,-2.837214,1.054103,-10.467145,10.895965
8.666489,647.138015,-67.099677,1100.600389,55.955848,-0.789127,12.581844,57.358368,-2.822760,1.048732,-10.441706,10.867246
8.711162,649.634898,-67.133885,1101.152043,55.830067,-0.742396,12.115950,57.134436,-2.808492,1.043432,-10.416484,10.838797
8.755835,652.126176,-67.166010,1101.682908,55.704919,-0.695900,11.651177,56.914605,-2.794411,1.038200,-10.391476,10.810613
8.800507,654.611877,-67.196064,1102.193037,55.580397,-0.649637,11.187517,56.698881,-2.780516,1.033038,-10.366677,10.782691
8.845180,657.092030,-67.224056,1102.682476,55.456491,-0.603602,10.724961,56.487268,-2.766806,1.027944,-10.342084,10.755026
8.889853,659.566661,-67.249996,1103.151277,55.333193,-0.557794,10.263498,56.279772,-2.753282,1.022920,-10.317694,10.727615
8.934525,662.035797,-67.273895,1103.599487,55.210495,-0.512208,9.803121,56.076397,-2.739942,1.017963,-10.293501,10.700453
8.979198,664.499465,-67.295763,1104.027156,55.088389,-0.466843,9.343820,55.877147,-2.726786,1.013076,-10.269504,10.673537
9.023870,666.957692,-67.315609,1104.434329,54.966867,-0.421694,8.885587,55.682025,-2.713814,1.008256,-10.245697,10.646862
9.068543,669.410502,-67.333442,1104.821056,54.845920,-0.376759,8.428413,55.491036,-2.701024,1.003504,-10.222078,10.620425
9.113216,671.857923,-67.349273,1105.187384,54.725541,-0.332035,7.972290,55.304181,-2.688417,0.998820,-10.198642,10.594222
9.157888,674.299978,-67.363111,1105.533358,54.605720,-0.287518,7.517210,55.121464,-2.675991,0.994204,-10.175386,10.568247
9.202561,676.736693,-67.374965,1105.859026,54.486451,-0.243206,7.063165,54.942887,-2.663746,0.989655,-10.152306,10.542498
9.247234,679.168091,-67.384843,1106.164434,54.367725,-0.199096,6.610147,54.768450,-2.651682,0.985172,-10.129397,10.516971
9.291906,681.594199,-67.392756,1106.449626,54.249533,-0.155185,6.158149,54.598157,-2.639797,0.980757,-10.106657,10.491660
9.336579,684.015038,-67.398711,1106.714650,54.131869,-0.111469,5.707163,54.432006,-2.628092,0.976408,-10.084082,10.466563
9.381251,686.430632,-67.402718,1106.959549,54.014723,-0.067946,5.257182,54.270000,-2.616564,0.972125,-10.061667,10.441675
9.425924,688.841004,-67.404785,1107.184369,53.898088,-0.024613,4.808198,54.112136,-2.605214,0.967908,-10.039409,10.416992
9.470597,691.246177,-67.404920,1107.389154,53.781957,0.018533,4.360206,53.958416,-2.594041,0.963757,-10.017304,10.392509
9.515269,693.646174,-67.403132,1107.573947,53.666320,0.061495,3.913197,53.808836,-2.583044,0.959671,-9.995348,10.368224
9.559942,696.041016,-67.399428,1107.738794,53.551172,0.104276,3.467167,53.663396,-2.572221,0.955650,-9.973538,10.344131
9.604615,698.430724,-67.393818,1107.883737,53.436502,0.146879,3.022107,53.522093,-2.561573,0.951694,-9.951870,10.320227
9.649287,700.815320,-67.386308,1108.008819,53.322305,0.189306,2.578012,53.384924,-2.551098,0.947803,-9.930340,10.296508
9.693960,703.194826,-67.376907,1108.114084,53.208571,0.231561,2.134876,53.251886,-2.540796,0.943975,-9.908944,10.272969
9.738632,705.569260,-67.365622,1108.199574,53.095294,0.273647,1.692693,53.122974,-2.530665,0.940211,-9.887678,10.249607
9.783305,707.938645,-67.352460,1108.265332,52.982466,0.315565,1.251457,52.998183,-2.520704,0.936510,-9.866540,10.226417
9.827978,710.302999,-67.337430,1108.311400,52.870079,0.357320,0.811163,52.877508,-2.510913,0.932873,-9.845524,10.203395
9.872650,712.662342,-67.320538,1108.337820,52.758125,0.398914,0.371805,52.760943,-2.501290,0.929298,-9.824627,10.180538
9.917323,715.016693,-67.301791,1108.344633,52.646598,0.440350,-0.066623,52.648481,-2.491835,0.925785,-9.803847,10.157841
9.961996,717.366071,-67.281197,1108.331881,52.535489,0.481630,-0.504124,52.540115,-2.482547,0.922334,-9.783178,10.135300
10.006668,719.710496,-67.258762,1108.299606,52.424791,0.522757,-0.940705,52.435837,-2.473424,0.918944,-9.762617,10.112911
10.051341,722.049984,-67.234493,1108.247847,52.314498,0.563734,-1.376369,52.335637,-2.464464,0.915616,-9.742161,10.090671
10.096013,724.384553,-67.208397,1108.176647,52.204601,0.604564,-1.811122,52.239506,-2.455668,0.912348,-9.721806,10.068575
10.140686,726.714223,-67.180481,1108.086046,52.095093,0.645249,-2.244968,52.147435,-2.447034,0.909140,-9.701548,10.046619
10.185359,729.039008,-67.150750,1107.976083,51.985967,0.685792,-2.677911,52.059412,-2.438561,0.905992,-9.681384,10.024799
10.230031,731.358927,-67.119211,1107.846801,51.877217,0.726196,-3.109955,51.975425,-2.430247,0.902903,-9.661311,10.003112
10.274704,733.673997,-67.085870,1107.698237,51.768834,0.766463,-3.541104,51.895463,-2.422091,0.899873,-9.641324,9.981554
10.319377,735.984232,-67.050733,1107.530433,51.660812,0.806596,-3.971363,51.819512,-2.414092,0.896901,-9.621420,9.960120
10.364049,738.289650,-67.013806,1107.343428,51.553144,0.846598,-4.400734,51.747559,-2.406249,0.893987,-9.601595,9.938807
10.408722,740.590266,-66.975095,1107.137261,51.445823,0.886470,-4.829221,51.679589,-2.398560,0.891131,-9.581847,9.917611
10.453394,742.886095,-66.934606,1106.911973,51.338842,0.926217,-5.256827,51.615587,-2.391025,0.888331,-9.562172,9.896528
10.498067,745.177153,-66.892344,1106.667602,51.232194,0.965839,-5.683556,51.555537,-2.383640,0.885588,-9.542566,9.875554
10.542740,747.463453,-66.848315,1106.404187,51.125873,1.005341,-6.109411,51.499422,-2.376407,0.882900,-9.523025,9.854686
10.587412,749.745012,-66.802523,1106.121768,51.019871,1.044723,-6.534394,51.447225,-2.369321,0.880268,-9.503548,9.833920
10.632085,752.021841,-66.754975,1105.820383,50.914183,1.083989,-6.958509,51.398929,-2.362384,0.877690,-9.484130,9.813252
10.676758,754.293957,-66.705676,1105.500071,50.808801,1.123141,-7.381757,51.354514,-2.355592,0.875167,-9.464768,9.792679
10.721430,756.561371,-66.654630,1105.160871,50.703720,1.162182,-7.804142,51.313960,-2.348945,0.872697,-9.445459,9.772197
10.766103,758.824098,-66.601842,1104.802821,50.598932,1.201113,-8.225665,51.277248,-2.342440,0.870281,-9.426199,9.751802
10.810775,761.082150,-66.547317,1104.425960,50.494432,1.239938,-8.646328,51.244357,-2.336077,0.867916,-9.406986,9.731491
10.855448,763.335540,-66.491061,1104.030325,50.390213,1.278658,-9.066135,51.215264,-2.329854,0.865604,-9.387816,9.711260
10.900121,765.584280,-66.433077,1103.615956,50.286268,1.317277,-9.485086,51.189949,-2.323769,0.863344,-9.368687,9.691107
10.944793,767.828383,-66.373370,1103.182891,50.182593,1.355795,-9.903183,51.168387,-2.317821,0.861134,-9.349594,9.671027
10.989466,770.067860,-66.311945,1102.731167,50.079180,1.394215,-10.320428,51.150556,-2.312007,0.858974,-9.330536,9.651017
11.034139,772.302724,-66.248805,1102.260822,49.976024,1.432541,-10.736823,51.136430,-2.306327,0.856864,-9.311510,9.631074
11.078811,774.532984,-66.183955,1101.771895,49.873119,1.470773,-11.152368,51.125986,-2.300779,0.854802,-9.292512,9.611194
11.123484,776.758654,-66.117400,1101.264424,49.770458,1.508914,-11.567065,51.119197,-2.295361,0.852790,-9.273539,9.591374
11.168156,778.979742,-66.049142,1100.738446,49.668037,1.546966,-11.980915,51.116038,-2.290072,0.850824,-9.254589,9.571612
11.212829,781.196260,-65.979187,1100.193998,49.565849,1.584932,-12.393919,51.116481,-2.284909,0.848906,-9.235660,9.551903
11.257502,783.408219,-65.907537,1099.631120,49.463889,1.622813,-12.806077,51.120500,-2.279871,0.847034,-9.216747,9.532246
11.302174,785.615627,-65.834197,1099.049849,49.362152,1.660611,-13.217392,51.128066,-2.274957,0.845209,-9.197849,9.512636
11.346847,787.818496,-65.759171,1098.450222,49.260631,1.698329,-13.627862,51.139151,-2.270164,0.843428,-9.178963,9.493070
11.391520,790.016834,-65.682461,1097.832277,49.159322,1.735968,-14.037489,51.153725,-2.265490,0.841692,-9.160087,9.473547
11.436192,792.210651,-65.604072,1097.196051,49.058219,1.773531,-14.446272,51.171760,-2.260935,0.839999,-9.141218,9.454062
11.480865,794.399956,-65.524006,1096.541583,48.957316,1.811019,-14.854213,51.193225,-2.256496,0.838350,-9.122353,9.434614
11.525537,796.584757,-65.442267,1095.868910,48.856610,1.848434,-15.261311,51.218089,-2.252171,0.836743,-9.103491,9.415198
11.570210,798.765065,-65.358858,1095.178070,48.756094,1.885778,-15.667567,51.246322,-2.247959,0.835178,-9.084628,9.395813
11.614883,800.940886,-65.273782,1094.469100,48.655764,1.923054,-16.072979,51.277891,-2.243858,0.833655,-9.065762,9.376456
11.659555,803.112229,-65.187043,1093.742038,48.555614,1.960262,-16.477549,51.312766,-2.239866,0.832171,-9.046892,9.357124
11.704228,805.279102,-65.098643,1092.996922,48.455641,1.997405,-16.881276,51.350913,-2.235981,0.830728,-9.028015,9.337814
11.748901,807.441513,-65.008586,1092.233789,48.355838,2.034484,-17.284160,51.392299,-2.232201,0.829324,-9.009129,9.318525
11.793573,809.599469,-64.916873,1091.452677,48.256203,2.071501,-17.686199,51.436892,-2.228525,0.827958,-8.990232,9.299253
11.838246,811.752978,-64.823508,1090.653624,48.156729,2.108459,-18.087394,51.484657,-2.224950,0.826630,-8.971321,9.279996
11.882918,813.902046,-64.728493,1089.836667,48.057412,2.145357,-18.487744,51.535562,-2.221475,0.825339,-8.952396,9.260752
11.927591,816.046682,-64.631831,1089.001844,47.958249,2.182199,-18.887248,51.589570,-2.218098,0.824084,-8.933453,9.241518
11.972264,818.186890,-64.533524,1088.149194,47.859234,2.218986,-19.285905,51.646649,-2.214817,0.822865,-8.914492,9.222293
12.016936,820.322679,-64.433576,1087.278753,47.760364,2.255719,-19.683715,51.706763,-2.211630,0.821681,-8.895510,9.203074
12.061609,822.454054,-64.331987,1086.390560,47.661634,2.292400,-20.080676,51.769876,-2.208536,0.820532,-8.876505,9.183858
12.106282,824.581022,-64.228762,1085.484652,47.563041,2.329030,-20.476788,51.835953,-2.205532,0.819416,-8.857477,9.164644
12.150954,826.703588,-64.123900,1084.561069,47.464579,2.365611,-20.872049,51.904960,-2.202617,0.818332,-8.838422,9.145431
12.195627,828.821758,-64.017406,1083.619847,47.366246,2.402145,-21.266459,51.976859,-2.199789,0.817282,-8.819341,9.126214
12.240299,830.935539,-63.909281,1082.661024,47.268037,2.438632,-21.660015,52.051614,-2.197045,0.816262,-8.800230,9.106994
12.284972,833.044935,-63.799527,1081.684640,47.169949,2.475074,-22.052717,52.129190,-2.194385,0.815274,-8.781090,9.087768
12.329645,835.149952,-63.688145,1080.690731,47.071978,2.511473,-22.444563,52.209549,-2.191805,0.814316,-8.761917,9.068534
12.374317,837.250594,-63.575139,1079.679337,46.974121,2.547830,-22.835552,52.292656,-2.189305,0.813387,-8.742712,9.049291
12.418990,839.346868,-63.460510,1078.650496,46.876373,2.584146,-23.225683,52.378474,-2.186883,0.812487,-8.723472,9.030037
12.463663,841.438777,-63.344259,1077.604246,46.778732,2.620422,-23.614953,52.466964,-2.184536,0.811615,-8.704197,9.010769
12.508335,843.526327,-63.226388,1076.540625,46.681194,2.656660,-24.003361,52.558092,-2.182264,0.810771,-8.684885,8.991488
12.553008,845.609522,-63.106899,1075.459672,46.583756,2.692861,-24.390905,52.651819,-2.180063,0.809953,-8.665535,8.972190
12.597680,847.688366,-62.985794,1074.361426,46.486415,2.729026,-24.777585,52.748109,-2.177933,0.809162,-8.646147,8.952876
12.642353,849.762864,-62.863074,1073.245926,46.389167,2.765156,-25.163397,52.846925,-2.175871,0.808395,-8.626718,8.933542
12.687026,851.833019,-62.738741,1072.113209,46.292010,2.801253,-25.548340,52.948228,-2.173875,0.807654,-8.607249,8.914189
12.731698,853.898836,-62.612796,1070.963316,46.194941,2.837317,-25.932413,53.051983,-2.171945,0.806937,-8.587737,8.894814
12.776371,855.960319,-62.485241,1069.796284,46.097956,2.873349,-26.315613,53.158153,-2.170078,0.806243,-8.568183,8.875417
12.821044,858.017471,-62.356076,1068.612154,46.001054,2.909351,-26.697939,53.266699,-2.168272,0.805572,-8.548586,8.855996
12.865716,860.070296,-62.225304,1067.410963,45.904230,2.945323,-27.079388,53.377585,-2.166525,0.804923,-8.528944,8.836550
12.910389,862.118797,-62.092926,1066.192752,45.807484,2.981267,-27.459959,53.490774,-2.164837,0.804296,-8.509257,8.817078
12.955061,864.162978,-61.958943,1064.957559,45.710812,3.017184,-27.839649,53.606229,-2.163204,0.803690,-8.489525,8.797580
12.999734,866.202842,-61.823355,1063.705425,45.614211,3.053074,-28.218457,53.723913,-2.161626,0.803103,-8.469747,8.778053
13.044407,868.238392,-61.686165,1062.436387,45.517680,3.088938,-28.596380,53.843789,-2.160101,0.802537,-8.449921,8.758497
13.089079,870.269632,-61.547374,1061.150487,45.421216,3.124777,-28.973417,53.965822,-2.158627,0.801989,-8.430049,8.738912
13.133752,872.296563,-61.406982,1059.847763,45.324816,3.160592,-29.349564,54.089973,-2.157202,0.801460,-8.410128,8.719296
13.178425,874.319190,-61.264990,1058.528256,45.228479,3.196384,-29.724821,54.216208,-2.155825,0.800948,-8.390160,8.699648
13.223097,876.337514,-61.121401,1057.192005,45.132203,3.232153,-30.099184,54.344488,-2.154495,0.800454,-8.370143,8.679969
13.267770,878.351539,-60.976213,1055.839050,45.035984,3.267900,-30.472653,54.474780,-2.153208,0.799976,-8.350077,8.660257
13.312442,880.361266,-60.829429,1054.469432,44.939823,3.303627,-30.845223,54.607046,-2.151965,0.799514,-8.329962,8.640511
13.357115,882.366699,-60.681050,1053.083189,44.843716,3.339333,-31.216894,54.741251,-2.150763,0.799067,-8.309797,8.620732
13.401788,884.367840,-60.531076,1051.680364,44.747662,3.375020,-31.587664,54.877359,-2.149601,0.798635,-8.289583,8.600918
13.446460,886.364691,-60.379508,1050.260995,44.651659,3.410688,-31.957529,55.015335,-2.148477,0.798218,-8.269319,8.581069
13.491133,888.357254,-60.226348,1048.825124,44.555705,3.446337,-32.326487,55.155144,-2.147390,0.797814,-8.249005,8.561184
13.535806,890.345532,-60.071595,1047.372791,44.459799,3.481969,-32.694537,55.296751,-2.146337,0.797423,-8.228641,8.541264
13.580478,892.329527,-59.915250,1045.904036,44.363940,3.517584,-33.061677,55.440121,-2.145319,0.797045,-8.208227,8.521307
13.625151,894.309240,-59.757316,1044.418900,44.268125,3.553181,-33.427903,55.585220,-2.144333,0.796678,-8.187764,8.501314
13.669823,896.284674,-59.597791,1042.917425,44.172353,3.588763,-33.793214,55.732013,-2.143378,0.796323,-8.167250,8.481284
13.714496,898.255831,-59.436677,1041.399651,44.076624,3.624329,-34.157607,55.880467,-2.142452,0.795979,-8.146686,8.461216
13.759169,900.222712,-59.273974,1039.865619,43.980935,3.659880,-34.521081,56.030548,-2.141554,0.795646,-8.126073,8.441112
13.803841,902.185319,-59.109684,1038.315370,43.885286,3.695417,-34.883632,56.182223,-2.140682,0.795322,-8.105410,8.420969
13.848514,904.143655,-58.943807,1036.748946,43.789675,3.730939,-35.245260,56.335458,-2.139836,0.795008,-8.084697,8.400789
13.893187,906.097719,-58.776343,1035.166387,43.694101,3.766447,-35.605961,56.490221,-2.139014,0.794702,-8.063935,8.380572
13.937859,908.047515,-58.607293,1033.567736,43.598564,3.801942,-35.965733,56.646478,-2.138214,0.794405,-8.043125,8.360316
13.982532,909.993045,-58.436657,1031.953033,43.503061,3.837423,-36.324575,56.804198,-2.137435,0.794116,-8.022265,8.340023
14.027204,911.934308,-58.264437,1030.322321,43.407594,3.872892,-36.682484,56.963349,-2.136677,0.793834,-8.001357,8.319692
14.071877,913.871307,-58.090633,1028.675642,43.312159,3.908349,-37.039458,57.123898,-2.135937,0.793559,-7.980401,8.299323
14.116550,915.804044,-57.915245,1027.013036,43.216758,3.943793,-37.395494,57.285815,-2.135214,0.793290,-7.959398,8.278917
14.161222,917.732520,-57.738274,1025.334546,43.121388,3.979226,-37.750591,57.449068,-2.134507,0.793028,-7.938347,8.258472
14.205895,919.656736,-57.559720,1023.640214,43.026049,4.014646,-38.104747,57.613627,-2.133816,0.792771,-7.917249,8.237991
14.250568,921.576694,-57.379585,1021.930082,42.930741,4.050056,-38.457959,57.779461,-2.133138,0.792519,-7.896105,8.217471
14.295240,923.492394,-57.197867,1020.204192,42.835463,4.085454,-38.810226,57.946540,-2.132473,0.792272,-7.874915,8.196915
14.339913,925.403839,-57.014569,1018.462586,42.740215,4.120842,-39.161545,58.114834,-2.131820,0.792029,-7.853679,8.176322
14.384586,927.311030,-56.829690,1016.705308,42.644995,4.156218,-39.511914,58.284313,-2.131177,0.791790,-7.832399,8.155692
14.429258,929.213968,-56.643231,1014.932399,42.549804,4.191584,-39.861332,58.454948,-2.130543,0.791555,-7.811074,8.135026
14.473931,931.112653,-56.455192,1013.143901,42.454641,4.226940,-40.209796,58.626711,-2.129917,0.791322,-7.789705,8.114323
14.518603,933.007089,-56.265574,1011.339859,42.359506,4.262285,-40.557304,58.799573,-2.129299,0.791093,-7.768293,8.093585
14.563276,934.897274,-56.074377,1009.520313,42.264398,4.297621,-40.903855,58.973505,-2.128686,0.790865,-7.746839,8.072811
14.607949,936.783212,-55.881602,1007.685308,42.169318,4.332946,-41.249447,59.148480,-2.128079,0.790640,-7.725342,8.052003
14.652621,938.664903,-55.687249,1005.834885,42.074264,4.368260,-41.594077,59.324470,-2.127476,0.790415,-7.703805,8.031159
14.697294,940.542348,-55.491319,1003.969089,41.979238,4.403565,-41.937745,59.501447,-2.126876,0.790192,-7.682226,8.010281
14.741967,942.415549,-55.293812,1002.087961,41.884238,4.438860,-42.280447,59.679386,-2.126278,0.789970,-7.660608,7.989370
14.786639,944.284507,-55.094728,1000.191546,41.789265,4.474146,-42.622183,59.858259,-2.125681,0.789749,-7.638951,7.968425
14.831312,946.149222,-54.894068,998.279886,41.694319,4.509421,-42.962951,60.038040,-2.125085,0.789527,-7.617255,7.947447
14.875984,948.009696,-54.691833,996.353025,41.599399,4.544686,-43.302748,60.218703,-2.124488,0.789305,-7.595522,7.926437
14.920657,949.865931,-54.488022,994.411005,41.504506,4.579941,-43.641574,60.400222,-2.123890,0.789083,-7.573751,7.905395
14.965330,951.717927,-54.282637,992.453872,41.409639,4.615187,-43.979426,60.582573,-2.123289,0.788860,-7.551944,7.884321
15.010002,953.565686,-54.075677,990.481667,41.314800,4.650422,-44.316304,60.765730,-2.122686,0.788636,-7.530102,7.863217
15.054675,955.409209,-53.867144,988.494435,41.219988,4.685648,-44.652205,60.949668,-2.122078,0.788410,-7.508225,7.842082
15.099348,957.248497,-53.657037,986.492219,41.125202,4.720863,-44.987127,61.134364,-2.121466,0.788183,-7.486315,7.820918
15.144020,959.083551,-53.445357,984.475063,41.030445,4.756068,-45.321071,61.319793,-2.120848,0.787953,-7.464371,7.799725
15.188693,960.914373,-53.232105,982.443011,40.935715,4.791263,-45.654033,61.505932,-2.120224,0.787721,-7.442396,7.778503
15.233365,962.740963,-53.017281,980.396107,40.841013,4.826447,-45.986013,61.692757,-2.119593,0.787487,-7.420389,7.757253
15.278038,964.563324,-52.800885,978.334394,40.746339,4.861621,-46.317009,61.880246,-2.118954,0.787249,-7.398351,7.735976
15.322711,966.381455,-52.582918,976.257917,40.651695,4.896784,-46.647020,62.068376,-2.118307,0.787009,-7.376284,7.714673
15.367383,968.195360,-52.363381,974.166719,40.557079,4.931936,-46.976045,62.257123,-2.117651,0.786765,-7.354189,7.693344
15.412056,970.005038,-52.142273,972.060845,40.462493,4.967078,-47.304082,62.446468,-2.116985,0.786518,-7.332065,7.671989
15.456729,971.810492,-51.919596,969.940339,40.367937,5.002208,-47.631130,62.636386,-2.116309,0.786267,-7.309915,7.650610
15.501401,973.611722,-51.695350,967.805244,40.273411,5.037327,-47.957187,62.826858,-2.115621,0.786011,-7.287739,7.629207
15.546074,975.408730,-51.469535,965.655606,40.178916,5.072434,-48.282254,63.017862,-2.114922,0.785751,-7.265537,7.607781
15.590746,977.201518,-51.242152,963.491469,40.084453,5.107530,-48.606328,63.209377,-2.114211,0.785487,-7.243312,7.586333
15.635419,978.990086,-51.013202,961.312877,39.990021,5.142614,-48.929409,63.401383,-2.113487,0.785218,-7.221063,7.564862
15.680092,980.774437,-50.782684,959.119873,39.895623,5.177685,-49.251496,63.593859,-2.112750,0.784944,-7.198791,7.543371
15.724764,982.554571,-50.550600,956.912504,39.801257,5.212745,-49.572587,63.786787,-2.111999,0.784665,-7.176499,7.521860
15.769437,984.330491,-50.316951,954.690813,39.706926,5.247791,-49.892681,63.980145,-2.111234,0.784381,-7.154185,7.500329
15.814110,986.102197,-50.081735,952.454845,39.612629,5.282825,-50.211779,64.173915,-2.110453,0.784091,-7.131853,7.478779
15.858782,987.869692,-49.844955,950.204644,39.518367,5.317846,-50.529878,64.368078,-2.109658,0.783795,-7.109501,7.457211
15.903455,989.632976,-49.606611,947.940255,39.424141,5.352854,-50.846979,64.562615,-2.108846,0.783494,-7.087132,7.435626
15.948127,991.392052,-49.366704,945.661723,39.329952,5.387848,-51.163080,64.757507,-2.108018,0.783186,-7.064747,7.414025
15.992800,993.146921,-49.125233,943.369092,39.235800,5.422828,-51.478180,64.952737,-2.107173,0.782873,-7.042345,7.392408
16.037473,994.897585,-48.882200,941.062407,39.141686,5.457793,-51.792280,65.148287,-2.106311,0.782552,-7.019929,7.370776
16.082145,996.644045,-48.637605,938.741712,39.047611,5.492745,-52.105377,65.344139,-2.105432,0.782226,-6.997498,7.349129
16.126818,998.386304,-48.391449,936.407054,38.953576,5.527681,-52.417473,65.540276,-2.104534,0.781892,-6.975055,7.327470
16.171491,1000.124363,-48.143733,934.058475,38.859582,5.562603,-52.728565,65.736681,-2.103619,0.781552,-6.952600,7.305798
16.216163,1001.858224,-47.894457,931.696022,38.765628,5.597509,-53.038654,65.933337,-2.102684,0.781205,-6.930134,7.284114
16.260836,1003.587889,-47.643623,929.319738,38.671717,5.632400,-53.347739,66.130227,-2.101730,0.780850,-6.907657,7.262419
16.305508,1005.313359,-47.391229,926.929669,38.577849,5.667274,-53.655820,66.327336,-2.100757,0.780489,-6.885172,7.240714
16.350181,1007.034637,-47.137279,924.525860,38.484025,5.702133,-53.962897,66.524647,-2.099764,0.780120,-6.862678,7.218999
16.394854,1008.751724,-46.881771,922.108356,38.390245,5.736974,-54.268968,66.722145,-2.098751,0.779743,-6.840177,7.197276
16.439526,1010.464624,-46.624708,919.677201,38.296512,5.771799,-54.574034,66.919815,-2.097718,0.779359,-6.817670,7.175545
16.484199,1012.173337,-46.366089,917.232440,38.202824,5.806606,-54.878094,67.117641,-2.096664,0.778968,-6.795157,7.153807
16.528872,1013.877865,-46.105915,914.774118,38.109185,5.841396,-55.181149,67.315608,-2.095588,0.778568,-6.772640,7.132062
16.573544,1015.578212,-45.844188,912.302281,38.015594,5.876168,-55.483198,67.513702,-2.094492,0.778161,-6.750120,7.110313
16.618217,1017.274379,-45.580908,909.816973,37.922052,5.910921,-55.784240,67.711908,-2.093374,0.777746,-6.727596,7.088558
16.662889,1018.966368,-45.316076,907.318239,37.828561,5.945655,-56.084276,67.910212,-2.092235,0.777322,-6.705072,7.066800
16.707562,1020.654182,-45.049692,904.806124,37.735121,5.980371,-56.383306,68.108600,-2.091074,0.776891,-6.682546,7.045039
16.752235,1022.337823,-44.781758,902.280674,37.641734,6.015067,-56.681330,68.307059,-2.089890,0.776451,-6.660021,7.023275
16.796907,1024.017293,-44.512275,899.741932,37.548400,6.049743,-56.978348,68.505575,-2.088684,0.776003,-6.637497,7.001510
16.841580,1025.692595,-44.241243,897.189944,37.455120,6.084399,-57.274359,68.704135,-2.087456,0.775547,-6.614975,6.979745
16.886253,1027.363731,-43.968663,894.624755,37.361896,6.119034,-57.569364,68.902725,-2.086205,0.775082,-6.592456,6.957979
16.930925,1029.030704,-43.694536,892.046409,37.268728,6.153649,-57.863364,69.101334,-2.084930,0.774609,-6.569941,6.936215
16.975598,1030.693516,-43.418864,889.454953,37.175618,6.188242,-58.156357,69.299948,-2.083633,0.774127,-6.547430,6.914452
17.020270,1032.352169,-43.141647,886.850430,37.082566,6.222813,-58.448346,69.498555,-2.082313,0.773636,-6.524925,6.892691
17.064943,1034.006668,-42.862885,884.232886,36.989573,6.257362,-58.739329,69.697144,-2.080969,0.773137,-6.502427,6.870934
17.109616,1035.657013,-42.582581,881.602365,36.896641,6.291889,-59.029307,69.895701,-2.079602,0.772629,-6.479936,6.849181
17.154288,1037.303208,-42.300735,878.958912,36.803771,6.326393,-59.318280,70.094216,-2.078211,0.772112,-6.457454,6.827432
17.198961,1038.945256,-42.017348,876.302573,36.710963,6.360873,-59.606250,70.292678,-2.076797,0.771587,-6.434981,6.805689
17.243634,1040.583160,-41.732422,873.633392,36.618219,6.395330,-59.893215,70.491074,-2.075359,0.771053,-6.412517,6.783953
17.288306,1042.216921,-41.445956,870.951414,36.525540,6.429763,-60.179178,70.689394,-2.073897,0.770509,-6.390065,6.762223
17.332979,1043.846544,-41.157953,868.256683,36.432927,6.464172,-60.464137,70.887627,-2.072411,0.769957,-6.367624,6.740502
17.377651,1045.472031,-40.868414,865.549245,36.340381,6.498555,-60.748095,71.085762,-2.070900,0.769396,-6.345197,6.718788
17.422324,1047.093386,-40.577339,862.829144,36.247902,6.532913,-61.031051,71.283789,-2.069366,0.768826,-6.322782,6.697085
17.466997,1048.710610,-40.284729,860.096425,36.155493,6.567246,-61.313006,71.481697,-2.067808,0.768247,-6.300382,6.675391
17.511669,1050.323708,-39.990587,857.351133,36.063154,6.601552,-61.593960,71.679477,-2.066225,0.767659,-6.277997,6.653708
17.556342,1051.932683,-39.694912,854.593312,35.970886,6.635832,-61.873915,71.877119,-2.064618,0.767062,-6.255628,6.632037
17.601015,1053.537537,-39.397707,851.823008,35.878690,6.670086,-62.152871,72.074613,-2.062987,0.766456,-6.233276,6.610378
17.645687,1055.138274,-39.098972,849.040263,35.786568,6.704312,-62.430829,72.271949,-2.061331,0.765841,-6.210941,6.588732
17.690360,1056.734898,-38.798709,846.245124,35.694521,6.738510,-62.707790,72.469119,-2.059651,0.765217,-6.188625,6.567099
17.735032,1058.327412,-38.496919,843.437635,35.602549,6.772680,-62.983754,72.666112,-2.057947,0.764584,-6.166328,6.545482
17.779705,1059.915818,-38.193603,840.617840,35.510653,6.806822,-63.258722,72.862921,-2.056218,0.763941,-6.144050,6.523879
17.824378,1061.500121,-37.888762,837.785783,35.418836,6.840934,-63.532696,73.059535,-2.054465,0.763290,-6.121794,6.502292
17.869050,1063.080324,-37.582398,834.941510,35.327097,6.875018,-63.805675,73.255948,-2.052688,0.762630,-6.099559,6.480721
17.913723,1064.656430,-37.274512,832.085064,35.235438,6.909071,-64.077662,73.452149,-2.050886,0.761960,-6.077346,6.459168
17.958396,1066.228444,-36.965106,829.216490,35.143860,6.943095,-64.348658,73.648131,-2.049060,0.761282,-6.055156,6.437633
18.003068,1067.796369,-36.654180,826.335832,35.052365,6.977088,-64.618662,73.843886,-2.047210,0.760594,-6.032990,6.416116
18.047741,1069.360208,-36.341737,823.443134,34.960952,7.011050,-64.887677,74.039406,-2.045335,0.759898,-6.010849,6.394618
18.092413,1070.919965,-36.027777,820.538441,34.869624,7.044981,-65.155703,74.234683,-2.043437,0.759193,-5.988732,6.373141
18.137086,1072.475644,-35.712302,817.621796,34.778381,7.078881,-65.422742,74.429709,-2.041514,0.758478,-5.966642,6.351684
18.181759,1074.027250,-35.395313,814.693244,34.687225,7.112748,-65.688795,74.624477,-2.039567,0.757755,-5.944578,6.330248
18.226431,1075.574784,-35.076812,811.752829,34.596156,7.146582,-65.953863,74.818979,-2.037596,0.757023,-5.922542,6.308834
18.271104,1077.118253,-34.756800,808.800594,34.505176,7.180384,-66.217946,75.013209,-2.035601,0.756281,-5.900533,6.287442
18.315777,1078.657659,-34.435279,805.836584,34.414285,7.214152,-66.481048,75.207159,-2.033582,0.755531,-5.878554,6.266074
18.360449,1080.193007,-34.112250,802.860843,34.323485,7.247887,-66.743168,75.400822,-2.031539,0.754772,-5.856604,6.244729
18.405122,1081.724301,-33.787715,799.873414,34.232777,7.281587,-67.004308,75.594192,-2.029473,0.754005,-5.834683,6.223409
18.449794,1083.251545,-33.461676,796.874341,34.142162,7.315254,-67.264469,75.787261,-2.027383,0.753228,-5.812794,6.202113
18.494467,1084.774743,-33.134133,793.863667,34.051640,7.348885,-67.523654,75.980025,-2.025269,0.752443,-5.790936,6.180843
18.539140,1086.293899,-32.805088,790.841437,33.961214,7.382481,-67.781863,76.172475,-2.023132,0.751649,-5.769110,6.159600
18.583812,1087.809017,-32.474544,787.807694,33.870883,7.416041,-68.039097,76.364606,-2.020971,0.750846,-5.747317,6.138383
18.628485,1089.320103,-32.142501,784.762482,33.780650,7.449565,-68.295358,76.556413,-2.018787,0.750035,-5.725557,6.117194
18.673158,1090.827159,-31.808961,781.705843,33.690515,7.483053,-68.550649,76.747888,-2.016580,0.749215,-5.703831,6.096032
18.717830,1092.330192,-31.473926,778.637821,33.600478,7.516504,-68.804969,76.939026,-2.014350,0.748386,-5.682140,6.074899
18.762503,1093.829204,-31.137398,775.558460,33.510542,7.549917,-69.058321,77.129822,-2.012097,0.747549,-5.660483,6.053795
18.807175,1095.324201,-30.799377,772.467802,33.420707,7.583293,-69.310707,77.320270,-2.009821,0.746703,-5.638863,6.032721
18.851848,1096.815187,-30.459867,769.365892,33.330975,7.616632,-69.562128,77.510364,-2.007522,0.745849,-5.617279,6.011677
18.896521,1098.302167,-30.118868,766.252771,33.241345,7.649931,-69.812585,77.700100,-2.005201,0.744987,-5.595731,5.990663
18.941193,1099.785145,-29.776382,763.128483,33.151820,7.683193,-70.062080,77.889471,-2.002857,0.744116,-5.574222,5.969681
18.985866,1101.264126,-29.432412,759.993071,33.062400,7.716415,-70.310616,78.078473,-2.000491,0.743237,-5.552750,5.948730
19.030539,1102.739115,-29.086958,756.846578,32.973086,7.749597,-70.558193,78.267102,-1.998102,0.742350,-5.531317,5.927812
19.075211,1104.210116,-28.740023,753.689046,32.883879,7.782740,-70.804813,78.455351,-1.995692,0.741454,-5.509923,5.906927
19.119884,1105.677135,-28.391608,750.520518,32.794781,7.815842,-71.050479,78.643217,-1.993259,0.740550,-5.488568,5.886075
19.164556,1107.140176,-28.041715,747.341037,32.705791,7.848904,-71.295191,78.830694,-1.990805,0.739638,-5.467254,5.865257
19.209229,1108.599244,-27.690346,744.150645,32.616912,7.881925,-71.538952,79.017779,-1.988329,0.738719,-5.445981,5.844473
19.253902,1110.054344,-27.337503,740.949386,32.528144,7.914905,-71.781764,79.204467,-1.985832,0.737791,-5.424749,5.823724
19.298574,1111.505481,-26.983187,737.737300,32.439488,7.947843,-72.023629,79.390753,-1.983313,0.736855,-5.403558,5.803010
19.343247,1112.952660,-26.627401,734.514430,32.350945,7.980740,-72.264547,79.576634,-1.980773,0.735911,-5.382410,5.782332
19.387920,1114.395886,-26.270147,731.280820,32.262515,8.013593,-72.504522,79.762104,-1.978212,0.734960,-5.361304,5.761690
19.432592,1115.835164,-25.911426,728.036510,32.174201,8.046405,-72.743555,79.947161,-1.975630,0.734001,-5.340242,5.741085
19.477265,1117.270499,-25.551239,724.781542,32.086003,8.079173,-72.981648,80.131801,-1.973028,0.733034,-5.319223,5.720517
19.521937,1118.701898,-25.189590,721.515960,31.997921,8.111898,-73.218803,80.316019,-1.970405,0.732059,-5.298249,5.699986
19.566610,1120.129364,-24.826481,718.239804,31.909957,8.144579,-73.455022,80.499812,-1.967761,0.731077,-5.277319,5.679494
19.611283,1121.552902,-24.461912,714.953116,31.822111,8.177216,-73.690307,80.683176,-1.965097,0.730087,-5.256434,5.659040
19.655955,1122.972520,-24.095886,711.655939,31.734385,8.209808,-73.924660,80.866108,-1.962413,0.729090,-5.235594,5.638625
19.700628,1124.388221,-23.728405,708.348313,31.646779,8.242356,-74.158083,81.048605,-1.959710,0.728086,-5.214801,5.618249
19.745301,1125.800011,-23.359471,705.030280,31.559294,8.274859,-74.390578,81.230662,-1.956986,0.727074,-5.194054,5.597912
19.789973,1127.207896,-22.989086,701.701882,31.471932,8.307317,-74.622148,81.412278,-1.954243,0.726055,-5.173353,5.577616
19.834646,1128.611881,-22.617252,698.363159,31.384692,8.339729,-74.852794,81.593448,-1.951481,0.725028,-5.152700,5.557361
19.879318,1130.011971,-22.243972,695.014154,31.297576,8.372095,-75.082518,81.774169,-1.948699,0.723995,-5.132094,5.537146
19.923991,1131.408172,-21.869246,691.654906,31.210585,8.404414,-75.311323,81.954439,-1.945899,0.722954,-5.111536,5.516972
19.968664,1132.800490,-21.493078,688.285458,31.123720,8.436687,-75.539210,82.134255,-1.943079,0.721907,-5.091026,5.496840
20.013336,1134.188931,-21.115469,684.905850,31.036981,8.468913,-75.766182,82.313614,-1.940241,0.720853,-5.070565,5.476750
20.058009,1135.573499,-20.736421,681.516123,30.950369,8.501092,-75.992242,82.492513,-1.937384,0.719791,-5.050153,5.456703
20.102682,1136.954201,-20.355938,678.116318,30.863885,8.533223,-76.217390,82.670949,-1.934509,0.718723,-5.029790,5.436698
20.147354,1138.331043,-19.974019,674.706475,30.777530,8.565306,-76.441630,82.848921,-1.931616,0.717648,-5.009478,5.416736
20.192027,1139.704029,-19.590669,671.286635,30.691305,8.597341,-76.664964,83.026424,-1.928705,0.716567,-4.989215,5.396817
20.236699,1141.073167,-19.205888,667.856838,30.605210,8.629328,-76.887394,83.203458,-1.925776,0.715479,-4.969003,5.376943
20.281372,1142.438461,-18.819680,664.417125,30.519246,8.661266,-77.108922,83.380020,-1.922830,0.714384,-4.948841,5.357112
20.326045,1143.799918,-18.432046,660.967535,30.433414,8.693155,-77.329550,83.556106,-1.919866,0.713283,-4.928731,5.337326
20.370717,1145.157544,-18.042989,657.508110,30.347715,8.724994,-77.549281,83.731716,-1.916885,0.712175,-4.908672,5.317584
20.415390,1146.511345,-17.652510,654.038889,30.262150,8.756784,-77.768117,83.906847,-1.913887,0.711061,-4.888664,5.297887
20.460063,1147.861326,-17.260612,650.559911,30.176719,8.788524,-77.986061,84.081497,-1.910873,0.709941,-4.868709,5.278236
20.504735,1149.207493,-16.867298,647.071218,30.091423,8.820214,-78.203114,84.255664,-1.907841,0.708815,-4.848806,5.258631
20.549408,1150.549853,-16.472569,643.572848,30.006262,8.851853,-78.419279,84.429346,-1.904793,0.707683,-4.828956,5.239071
20.594080,1151.888412,-16.076428,640.064841,29.921239,8.883442,-78.634559,84.602541,-1.901729,0.706544,-4.809158,5.219557
20.638753,1153.223176,-15.678876,636.547236,29.836352,8.914979,-78.848956,84.775247,-1.898649,0.705400,-4.789414,5.200090
20.683426,1154.554151,-15.279917,633.020074,29.751604,8.946466,-79.062471,84.947463,-1.895553,0.704250,-4.769723,5.180670
20.728098,1155.881343,-14.879553,629.483393,29.666994,8.977901,-79.275108,85.119187,-1.892441,0.703094,-4.750085,5.161297
20.772771,1157.204758,-14.477785,625.937233,29.582523,9.009284,-79.486870,85.290417,-1.889314,0.701932,-4.730502,5.141971
20.817444,1158.524403,-14.074617,622.381632,29.498193,9.040615,-79.697757,85.461152,-1.886171,0.700764,-4.710973,5.122692
20.862116,1159.840283,-13.670050,618.816629,29.414003,9.071894,-79.907773,85.631391,-1.883013,0.699591,-4.691498,5.103461
20.906789,1161.152406,-13.264087,615.242264,29.329955,9.103120,-80.116921,85.801131,-1.879841,0.698412,-4.672078,5.084279
20.951461,1162.460778,-12.856730,611.658576,29.246048,9.134293,-80.325202,85.970371,-1.876653,0.697228,-4.652712,5.065144
20.996134,1163.765404,-12.447982,608.065602,29.162285,9.165414,-80.532619,86.139111,-1.873451,0.696038,-4.633402,5.046058
21.040807,1165.066292,-12.037845,604.463381,29.078665,9.196481,-80.739175,86.307349,-1.870235,0.694843,-4.614147,5.027021
21.085479,1166.363447,-11.626321,600.851953,28.995189,9.227495,-80.944872,86.475083,-1.867004,0.693643,-4.594948,5.008033
21.130152,1167.656876,-11.213413,597.231354,28.911857,9.258455,-81.149713,86.642313,-1.863760,0.692438,-4.575804,4.989094
21.174825,1168.946586,-10.799123,593.601624,28.828671,9.289361,-81.353700,86.809037,-1.860502,0.691227,-4.556716,4.970204
21.219497,1170.232583,-10.383453,589.962800,28.745630,9.320213,-81.556835,86.975255,-1.857230,0.690012,-4.537685,4.951364
21.264170,1171.514874,-9.966407,586.314921,28.662736,9.351010,-81.759121,87.140965,-1.853945,0.688791,-4.518709,4.932573
21.308843,1172.793465,-9.547986,582.658023,28.579989,9.381753,-81.960561,87.306166,-1.850646,0.687566,-4.499790,4.913833
21.353515,1174.068362,-9.128193,578.992146,28.497390,9.412441,-82.161157,87.470858,-1.847335,0.686335,-4.480928,4.895142
21.398188,1175.339573,-8.707030,575.317327,28.414939,9.443073,-82.360911,87.635039,-1.844010,0.685100,-4.462123,4.876502
21.442860,1176.607104,-8.284500,571.633602,28.332637,9.473651,-82.559827,87.798710,-1.840673,0.683860,-4.443374,4.857913
21.487533,1177.870962,-7.860605,567.941011,28.250484,9.504173,-82.757907,87.961868,-1.837324,0.682616,-4.424683,4.839374
21.532206,1179.131153,-7.435348,564.239589,28.168481,9.534639,-82.955152,88.124514,-1.833962,0.681367,-4.406048,4.820886
21.576878,1180.387684,-7.008731,560.529374,28.086628,9.565050,-83.151567,88.286646,-1.830588,0.680114,-4.387472,4.802449
21.621551,1181.640562,-6.580757,556.810404,28.004926,9.595404,-83.347153,88.448265,-1.827202,0.678856,-4.368952,4.784063
21.666224,1182.889794,-6.151428,553.082714,27.923376,9.625702,-83.541913,88.609369,-1.823805,0.677593,-4.350491,4.765729
21.710896,1184.135386,-5.720747,549.346343,27.841978,9.655944,-83.735850,88.769958,-1.820396,0.676327,-4.332087,4.747445
21.755569,1185.377345,-5.288716,545.601326,27.760733,9.686129,-83.928965,88.930032,-1.816976,0.675056,-4.313741,4.729214
21.800241,1186.615678,-4.855338,541.847700,27.679640,9.716257,-84.121263,89.089590,-1.813544,0.673781,-4.295454,4.711034
21.844914,1187.850391,-4.420616,538.085503,27.598701,9.746328,-84.312744,89.248631,-1.810102,0.672502,-4.277224,4.692907
21.889587,1189.081493,-3.984551,534.314769,27.517916,9.776342,-84.503413,89.407155,-1.806648,0.671219,-4.259053,4.674831
21.934259,1190.308989,-3.547147,530.535536,27.437286,9.806298,-84.693271,89.565163,-1.803184,0.669932,-4.240940,4.656807
21.978932,1191.532886,-3.108406,526.747839,27.356811,9.836197,-84.882322,89.722653,-1.799710,0.668642,-4.222885,4.638836
22.023605,1192.753192,-2.668330,522.951715,27.276491,9.866038,-85.070567,89.879625,-1.796226,0.667347,-4.204889,4.620917
22.068277,1193.969914,-2.226923,519.147200,27.196327,9.895821,-85.258010,90.036080,-1.792731,0.666049,-4.186952,4.603050
22.112950,1195.183057,-1.784186,515.334329,27.116319,9.925546,-85.444652,90.192016,-1.789226,0.664746,-4.169073,4.585236
22.157622,1196.392630,-1.340123,511.513138,27.036468,9.955213,-85.630497,90.347435,-1.785712,0.663441,-4.151253,4.567475
22.202295,1197.598640,-0.894736,507.683663,26.956774,9.984821,-85.815548,90.502335,-1.782188,0.662132,-4.133492,4.549766
22.246968,1198.801092,-0.448028,503.845938,26.877238,10.014371,-85.999806,90.656716,-1.778655,0.660819,-4.115790,4.532111
22.291640,1199.999995,-0.000001,500.000000,26.797860,10.043862,-86.183275,90.810580,-1.775113,0.659503,-4.098147,4.514508
